JobNumber,Address
JN240026,"101 Dickson St, Wooloowin"
JN240027,"29 Blomfield St, Moorooka"
JN240028,"3 Webster Terrace, Edens Landing"
JN240030,"8 Chown Ave, Currumbin Waters"
JN240029,"111 McLennan St, Wooloowin"
JN240031,"21 Outram Street, Lota"
JN240032,"52 Taabinga St, Wavell Heights"
JN240033,"133 Lloyd Street, Alderley"
JN240034,"25 Sydney St, Kedron"
JN240035,"13 Gold Links Road, Rocklea"
JN240036,"14 Kenward Street, Geebung"
JN240037,24 Cyprus Street North Ipswich
JN240038,"53 Hetherington Street, Herston"
JN240039,"133 Golf Course Rd, Tamborine Mountain"
JN240040,"679 Ashmore Road, Molendinar"
JN240041,"38 Troughton Road, Sunnybank"
JN240042,"3 Paul Street, Sandgate"
JN240043,"2 Pidgeon Drive, Deception Bay"
JN240044,"88 Cricket Street, Petrie Terrace"
JN240045,"6 Thorn Street, Red Hill"
JN240046,"48 Quentin Street, Capalaba"
JN240047,"40 Gorman St, Kalinga"
JN240048,"19 Heidelberg St, East Brisbane"
JN240050,"32-36 Mahgany Rd, Munruben"
JN240051,"9 Adsett St, Taringa"
JN240052,"118 Tarragindi Road, Tarragindi"
JN240053,"29 Long Street, Clontarf"
JN240054,"33 Bellveue Rd, Goodna"
JN240055,"70 Thomas St, Greenslopes"
JN240056,"639 Old Gympie Rd, Narangba"
JN240057,"211 Ernest St, Lota"
JN240058,"37 Kurrajong Drive, Warner"
JN240059,"43 Videroni St, Bundamba"
JN240060,"44 Wallaby Drive, Mudgeeraba"
JN240061,"59 Glen Kedron Lane, Kedron"
JN240062,"19 Colvin St, Rocklea"
JN240063,"65 Forestwood Drive, Buderim"
JN240064,"95 Fairfield Rd, Fairfield"
JN240065,"202 Broadwater Road, Mansfield"
JN240066,"6 Goddard Street, Balmoral"
JN240067,"23 Macdonnell Rd, Margate"
JN240068,"57 Wattle Street, Mount Crosby"